City_ID,City,Lat,Lng,Max Temp,Humidity,Cloudiness,Wind Speed,Country,Date
0,geraldton,-28.7667,114.6,287.38,58,100,7.2,AU,1685062392
1,kodiak,57.79,-152.4072,281.88,71,100,3.6,US,1685062392
2,bluff,-46.6,168.3333,286.08,86,100,9.22,NZ,1685062392
3,atuona,-9.8,-139.0333,300.57,78,7,7.9,PF,1685062392
4,caravelas,-17.7125,-39.2481,295.28,91,7,3.37,BR,1685062393
5,constitucion,-35.3333,-72.4167,284.35,81,4,2.8,CL,1685062256
6,seoul,37.5683,126.9778,294.91,46,0,2.57,KR,1685062206
7,necochea,-38.5473,-58.7368,289.63,96,100,1.46,AR,1685062393
8,yellowknife,62.456,-114.3525,287.44,51,40,4.12,CA,1685062338
9,jasper,37.2001,-94.3502,299.18,48,100,1.54,US,1685062394
10,coquimbo,-29.9533,-71.3436,288.0,88,0,1.54,CL,1685062394
11,vaini,-21.2,-175.2,296.24,78,100,3.6,TO,1685062394
12,lasa,46.6166,10.7002,285.64,84,4,0.56,IT,1685062395
13,salalah,17.0151,54.0924,303.2,74,40,3.09,OM,1685062395
14,hilo,19.7297,-155.09,300.0,74,40,5.66,US,1685062395
15,faya,18.3851,42.4509,288.21,52,54,2.02,SA,1685062396
16,flinders,-34.5833,150.8552,287.69,77,100,2.68,AU,1685062396
17,mataura,-46.1927,168.8643,287.53,65,81,5.67,NZ,1685062396
18,minudasht,37.2289,55.3747,294.91,56,0,0.0,IR,1685062397
19,cape town,-33.9258,18.4232,284.33,87,75,2.57,ZA,1685062204
20,luganville,-15.5333,167.1667,299.45,57,100,4.29,VU,1685062397
21,rikitea,-23.1203,-134.9692,296.76,71,10,3.38,PF,1685062398
22,khatanga,71.9667,102.5,274.49,100,100,5.96,RU,1685062399
23,albany,42.6001,-73.9662,286.99,77,2,1.99,US,1685062399
24,busselton,-33.65,115.3333,284.2,68,0,3.33,AU,1685062399
25,naantali,60.4674,22.0243,283.63,91,0,1.03,FI,1685062399
26,nome,64.5011,-165.4064,281.19,87,100,5.66,US,1685062401
27,tanete,-3.9443,119.7848,301.67,72,18,3.97,ID,1685062402
28,hobart,-42.8794,147.3294,284.41,71,75,6.17,AU,1685062402
29,havre-saint-pierre,50.2334,-63.5986,283.35,71,100,6.69,CA,1685062402
30,north bend,43.4065,-124.2243,297.73,77,0,10.8,US,1685062402
31,ixtapa,20.7,-105.2,301.72,70,100,5.66,MX,1685062402
32,lebu,-37.6167,-73.65,285.7,88,94,8.52,CL,1685062403
33,luderitz,-26.6481,15.1594,284.26,80,0,4.98,NA,1685062403
34,pevek,69.7008,170.3133,274.76,82,16,2.62,RU,1685062403
35,sioux lookout,50.1001,-91.917,296.19,35,75,3.09,CA,1685062403
36,pacific grove,36.6177,-121.9166,288.72,79,75,5.14,US,1685062404
37,keetmanshoop,-26.5833,18.1333,278.66,81,0,1.54,NA,1685062404
38,hithadhoo,-0.6,73.0833,300.49,77,100,4.12,MV,1685062405
39,vieux-habitants,16.0589,-61.7659,299.91,81,9,4.5,GP,1685062405
40,yining,29.0361,114.5636,296.17,96,100,0.15,CN,1685062405
41,santa ana,33.7456,-117.8678,294.57,70,100,3.09,US,1685062406
42,tuktoyaktuk,69.4541,-133.0374,272.15,80,75,6.17,CA,1685062406
43,lethem,3.3803,-59.7968,298.46,86,67,1.96,GY,1685062406
44,ribeira grande,38.5167,-28.7,290.8,81,59,4.02,PT,1685062406
45,kaitangata,-46.2817,169.8464,288.91,61,100,3.28,NZ,1685062406
46,palmer,42.1584,-72.3287,288.93,60,20,3.09,US,1685062407
47,georgetown,5.4112,100.3354,303.11,78,20,2.06,MY,1685062141
48,kalevala,65.2,31.1667,277.85,71,0,3.25,RU,1685062407
49,avarua,-21.2078,-159.775,298.18,83,55,2.06,CK,1685062359
50,katsuura,35.1333,140.3,293.05,62,100,4.7,JP,1685062289
51,east london,-33.0153,27.9116,289.29,63,100,10.32,ZA,1685062408
52,houma,29.5958,-90.7195,299.27,61,40,2.06,US,1685062408
53,kuminskiy,58.6667,66.5667,286.7,70,1,1.44,RU,1685062408
54,ushuaia,-54.8,-68.3,274.96,87,20,6.17,AR,1685062409
55,kualakapuas,-3.0091,114.3876,301.02,76,100,1.56,ID,1685062409
56,butaritari,3.0707,172.7902,301.65,76,31,5.37,KI,1685062409
57,zhigansk,66.7697,123.3711,276.42,67,93,8.04,RU,1685062409
58,upernavik,72.7868,-56.1549,272.45,72,100,3.21,GL,1685062409
59,punta arenas,-53.15,-70.9167,274.88,72,92,4.39,CL,1685062410
60,nikolskoye,59.7035,30.7861,285.09,98,20,1.94,RU,1685062410
61,mossendjo,-2.9506,12.7261,294.46,100,56,0.91,CG,1685062411
62,saint-philippe,-21.3585,55.7679,295.92,84,100,5.44,RE,1685062411
63,linguere,15.3953,-15.1193,308.27,38,0,2.06,SN,1685062411
64,tucuman,-26.8241,-65.2226,293.15,94,91,1.54,AR,1685062397
65,gao,16.6362,1.637,306.33,16,5,7.67,ML,1685062412
66,roald,62.5833,6.1333,281.11,70,40,5.14,NO,1685062412
67,bredasdorp,-34.5322,20.0403,282.37,81,25,4.17,ZA,1685062413
68,sitka,57.0531,-135.33,285.09,94,100,1.54,US,1685062414
69,ancud,-41.8697,-73.8203,280.21,75,100,3.31,CL,1685062414
70,san luis,-33.295,-66.3356,288.54,75,38,0.58,AR,1685062392
71,port alfred,-33.5906,26.891,286.03,85,100,3.13,ZA,1685062415
72,katra,32.9833,74.95,292.32,58,77,3.56,IN,1685062415
73,orlik,52.5178,99.825,275.71,52,6,0.7,RU,1685062415
74,hermanus,-34.4187,19.2345,283.04,68,21,5.28,ZA,1685062416
75,belaya gora,68.5333,146.4167,276.03,78,100,3.72,RU,1685062416
76,gorontalo,0.5412,123.0595,298.64,89,100,0.59,ID,1685062416
77,bilibino,68.0546,166.4372,283.82,40,98,0.43,RU,1685062416
78,catio,11.2833,-15.25,296.8,87,100,7.35,GW,1685062416
79,great yarmouth,52.6083,1.7305,281.29,77,6,5.15,GB,1685062417
80,sao jose da coroa grande,-8.8978,-35.1478,298.65,85,38,4.66,BR,1685062417
81,am timan,11.0297,20.2827,305.6,31,86,2.34,TD,1685062418
82,ploemeur,47.7333,-3.4333,287.49,83,0,4.63,FR,1685062418
83,hovd,48.0056,91.6419,280.0,72,88,1.52,MN,1685062418
84,umarkhed,19.6,77.7,303.18,32,0,4.71,IN,1685062419
85,saint-joseph,-21.3667,55.6167,295.36,83,100,5.86,RE,1685062419
86,puerto ayora,-0.7393,-90.3518,299.01,89,10,3.13,EC,1685062419
87,saskylakh,71.9167,114.0833,274.35,100,100,5.19,RU,1685062420
88,dikson,73.5069,80.5464,274.41,99,100,8.39,RU,1685062420
89,manono,-7.3,27.4167,295.81,56,93,1.79,CD,1685062420
90,nizhniy kuranakh,58.8353,125.4869,284.47,39,19,4.42,RU,1685062421
91,porbandar,21.6422,69.6093,301.05,85,31,8.44,IN,1685062421
92,bandarbeyla,9.4942,50.8122,301.08,78,14,7.26,SO,1685062421
93,ponta do sol,32.6667,-17.1,291.5,74,22,0.68,PT,1685062421
94,kloulklubed,7.0419,134.2556,299.43,79,100,9.86,PW,1685062421
95,mogadishu,2.0371,45.3438,299.46,77,19,5.41,SO,1685062422
96,lata,40.1629,-8.3327,289.22,94,0,0.24,PT,1685062422
97,flin flon,54.7682,-101.865,286.94,96,100,2.26,CA,1685062423
98,saldanha,-33.0117,17.9442,280.18,63,21,2.96,ZA,1685062423
99,tiksi,71.6872,128.8694,273.09,81,100,3.79,RU,1685062423
100,new norfolk,-42.7826,147.0587,284.22,80,100,0.89,AU,1685062424
101,lompoc,34.6391,-120.4579,292.6,72,27,2.24,US,1685062424
102,fort nelson,58.8053,-122.7002,295.92,31,40,1.54,CA,1685062424
103,mwinilunga,-11.7358,24.4293,287.13,68,8,1.46,ZM,1685062424
104,tarija,-21.5355,-64.7296,290.1,77,100,3.09,BO,1685062425
105,narsaq,60.9167,-46.05,276.27,99,100,1.98,GL,1685062425
106,vizinga,61.0749,50.1031,289.95,73,92,3.79,RU,1685062425
107,nogliki,51.8333,143.1667,281.61,76,95,2.98,RU,1685062425
108,manta,-0.95,-80.7333,300.03,83,40,4.63,EC,1685062180
109,kununurra,-15.7667,128.7333,299.14,38,6,3.09,AU,1685062426
110,port elizabeth,-33.918,25.5701,286.31,75,0,10.8,ZA,1685062426
111,barrow,71.2906,-156.7887,270.16,93,100,6.17,US,1685062427
112,mar del plata,-38.0023,-57.5575,292.09,99,100,3.09,AR,1685062427
113,talnakh,69.4865,88.3972,275.49,93,26,3.82,RU,1685062427
114,provideniya,64.3833,-173.3,276.21,81,100,7.15,RU,1685062427
115,launceston,-41.45,147.1667,284.71,76,100,7.72,AU,1685062427
116,jamestown,42.097,-79.2353,285.95,50,0,4.12,US,1685062427
117,sakakah,29.9697,40.2064,297.91,26,0,2.17,SA,1685062427
118,yemelyanovo,56.1681,92.6767,279.6,49,0,2.0,RU,1685062428
119,thompson,55.7435,-97.8558,286.24,100,100,2.57,CA,1685062428
120,souillac,-20.5167,57.5167,296.98,78,100,7.79,MU,1685062428
121,bethel,41.3712,-73.414,290.32,55,0,2.06,US,1685062130
122,laguna,38.421,-121.4238,299.9,54,0,6.17,US,1685062428
123,ngorongoro,-3.2397,35.4875,283.2,95,90,2.72,TZ,1685062429
124,quatre cocos,-20.2078,57.7625,296.46,83,88,7.73,MU,1685062429
125,boa viagem,-5.1275,-39.7322,298.07,59,79,1.06,BR,1685062342
126,sao fidelis,-21.6461,-41.7469,293.12,95,1,1.0,BR,1685062429
127,vanderhoof,54.0166,-124.0198,296.04,32,18,1.59,CA,1685062429
128,hasaki,35.7333,140.8333,298.27,61,100,5.34,JP,1685062430
129,mulege,26.8833,-111.9833,301.89,33,100,1.16,MX,1685062430
130,saint-georges,12.0564,-61.7485,300.97,83,20,7.2,GD,1685062430
131,rudnogorsk,57.2639,103.7519,275.45,96,100,0.52,RU,1685062430
132,fairlie,55.756,-4.8556,283.1,82,13,1.34,GB,1685062430
133,harper,4.375,-7.7169,299.46,85,56,2.2,LR,1685062430
134,ahipara,-35.1667,173.1667,289.72,68,28,2.65,NZ,1685062430
135,berlevag,70.8578,29.0864,278.15,75,40,2.06,NO,1685062431
136,charters towers,-20.1,146.2667,296.54,46,63,1.85,AU,1685062431
137,esperance,-33.8667,121.9,287.23,63,100,1.98,AU,1685062431
138,cabo san lucas,22.8909,-109.9124,303.49,32,75,4.12,MX,1685062431
139,qaanaaq,77.484,-69.3632,272.3,71,100,7.97,GL,1685062431
140,haicheng,40.8516,122.7475,295.88,53,0,5.09,CN,1685062431
141,thio,-21.6167,166.2167,298.13,58,9,2.98,NC,1685062432
142,paramonga,-10.6667,-77.8333,294.97,80,29,4.79,PE,1685062432
143,lagoa,39.05,-27.9833,289.89,76,100,5.81,PT,1685062432
144,chapais,49.7834,-74.8492,285.03,60,2,1.77,CA,1685062432
145,sao filipe,14.8961,-24.4956,297.09,82,89,2.78,CV,1685062432
146,arraial do cabo,-22.9661,-42.0278,293.13,94,20,2.06,BR,1685062432
147,pisco,-13.7,-76.2167,294.18,83,99,5.14,PE,1685062367
148,tabuk,17.4189,121.4443,301.34,75,52,1.34,PH,1685062433
149,atbasar,51.8,68.3333,287.77,70,6,3.64,KZ,1685062433
150,castro,-24.7911,-50.0119,286.41,84,0,2.28,BR,1685062433
151,aksarka,66.5606,67.7975,289.31,64,70,6.63,RU,1685062433
152,burnie,-41.0667,145.9167,283.96,88,100,6.45,AU,1685062433
153,bella vista,36.4295,-94.2316,299.44,62,0,3.09,US,1685062434
154,vredendal,-31.6683,18.5012,283.5,76,11,1.74,ZA,1685062434
155,bayir,37.2687,28.2167,284.44,85,0,1.15,TR,1685062434
156,shingu,33.7333,135.9833,293.4,72,100,2.08,JP,1685062434
157,acarau,-2.8856,-40.12,298.93,84,5,4.54,BR,1685062434
158,haines junction,60.7522,-137.5108,287.12,44,100,5.14,CA,1685062434
159,mecca,21.4267,39.8261,302.76,54,9,1.41,SA,1685062301
160,isangel,-19.55,169.2667,297.14,63,78,5.32,VU,1685062435
161,naron,43.5167,-8.1528,288.48,75,0,6.3,ES,1685062435
162,iranshahr,27.2025,60.6848,302.34,24,0,2.06,IR,1685062435
163,ferrol,43.4832,-8.2369,288.3,76,0,6.56,ES,1685062435
164,kozan,37.4552,35.8157,290.32,82,1,1.28,TR,1685062435
165,miles city,46.4083,-105.8406,297.69,60,0,3.09,US,1685062290
166,severo-kurilsk,50.6789,156.125,278.26,84,65,4.14,RU,1685062435
167,monroe,43.1501,-77.6831,284.24,70,0,0.65,US,1685062431
168,bignona,12.8103,-16.2264,301.17,62,100,4.51,SN,1685062436
169,brazzaville,-4.2658,15.2832,296.97,88,100,1.0,CG,1685062436
170,carutapera,-1.195,-46.02,297.8,92,6,2.84,BR,1685062436
171,venafro,41.4834,14.0451,289.01,68,100,3.49,IT,1685062436
172,kapaa,22.0752,-159.319,301.14,70,40,6.17,US,1685062436
173,pemangkat,1.1667,108.9667,301.3,77,29,2.07,ID,1685062437
174,kovdor,67.5662,30.4758,278.04,67,96,3.11,RU,1685062437
175,rawson,-43.3002,-65.1023,287.02,45,100,7.41,AR,1685062437
176,cuamba,-14.8031,36.5372,287.92,83,0,0.61,MZ,1685062437
177,phangnga,8.4509,98.5298,301.17,77,86,2.16,TH,1685062437
178,vega de alatorre,20.0333,-96.6333,299.7,80,100,2.18,MX,1685062437
179,saint george,37.1041,-113.5841,304.48,18,0,5.14,US,1685062243
180,piacabucu,-10.4056,-36.4344,297.54,90,28,3.91,BR,1685062438
181,sorland,67.667,12.6934,277.07,80,100,11.73,NO,1685062438
182,novovarshavka,54.1721,74.6946,284.36,58,4,4.87,RU,1685062438
183,port lincoln,-34.7333,135.8667,286.87,66,100,5.91,AU,1685062438
184,honningsvag,70.9821,25.9704,279.01,56,100,6.69,NO,1685062438
185,itoman,26.1247,127.6694,299.16,69,20,6.17,JP,1685062438
186,peruibe,-24.32,-46.9983,293.21,94,17,1.55,BR,1685062439
187,hobyo,5.3505,48.5268,300.8,76,18,7.07,SO,1685062439
188,mount gambier,-37.8333,140.7667,285.41,70,100,4.98,AU,1685062439
189,la joya,18.6667,-99.4667,303.8,62,94,1.62,MX,1685062439
190,cidreira,-30.1811,-50.2056,293.86,91,0,6.12,BR,1685062439
191,shenjiamen,29.9576,122.298,293.4,90,100,4.77,CN,1685062439
192,yomou,7.5603,-9.2653,295.27,98,100,0.84,GN,1685062440
193,airai,-8.9266,125.4092,291.97,62,72,1.64,TL,1685062440
194,mareeba,-17.0,145.4333,297.31,80,73,1.86,AU,1685062440
195,makakilo city,21.3469,-158.0858,301.33,58,40,8.23,US,1685062440
196,mandalgovi,45.7625,106.2708,281.86,51,100,2.33,MN,1685062440
197,matane,48.8286,-67.522,278.83,97,100,4.25,CA,1685062440
198,krasnaya gorka,55.1962,56.6673,289.46,59,86,0.92,RU,1685062441
199,nybro,56.7446,15.9071,283.73,63,6,3.48,SE,1685062441
200,norman wells,65.282,-126.8329,290.17,48,75,6.17,CA,1685062441
201,kruisfontein,-34.0033,24.7314,284.75,72,100,10.94,ZA,1685062441
202,salina,38.8403,-97.6114,295.54,75,100,5.14,US,1685062379
203,bilma,18.6853,12.9164,307.11,14,0,4.44,NE,1685062441
204,tesanjka,44.6731,18.0128,287.71,93,96,1.03,BA,1685062441
205,tsogni,-2.7942,10.0988,297.44,94,55,2.52,GA,1685062441
206,coahuayana,18.7333,-103.6833,301.4,68,97,1.56,MX,1685062442
207,qaqortoq,60.7167,-46.0333,273.8,99,100,1.76,GL,1685062442
208,okhotsk,59.3833,143.3,278.13,76,62,1.95,RU,1685062442
209,fortuna,40.5982,-124.1573,285.74,94,100,4.12,US,1685062442
210,urucara,-2.5364,-57.76,297.92,90,100,1.33,BR,1685062442
211,tonantins,-2.8731,-67.8022,297.26,98,100,0.81,BR,1685062442
212,yerbogachen,61.2767,108.0108,282.29,50,54,5.84,RU,1685062443
213,mandurah,-32.55,115.7,284.77,65,0,4.13,AU,1685062443
214,comodoro rivadavia,-45.8667,-67.5,281.07,36,0,9.26,AR,1685062351
215,vestmannaeyjar,63.4427,-20.2734,280.01,78,100,3.72,IS,1685062443
216,saint anthony,45.0205,-93.218,297.09,31,0,7.2,US,1685062443
217,ola,59.5833,151.2833,284.34,88,93,3.1,RU,1685062443
218,kuli,42.0185,47.2434,283.92,75,100,2.49,RU,1685062443
219,grand gaube,-20.0064,57.6608,297.24,81,59,8.66,MU,1685062444
220,rocha,-34.4833,-54.3333,293.38,73,73,4.69,UY,1685062391
221,caracuaro,19.0106,-101.1264,306.64,29,12,2.43,MX,1685062444
222,carnarvon,-24.8667,113.6333,293.48,52,100,8.97,AU,1685062444
223,svetlaya,46.5389,138.3297,287.66,65,100,7.43,RU,1685062444
224,alice springs,-23.7,133.8833,285.9,50,0,8.23,AU,1685062208
225,leticia,-4.2153,-69.9406,299.18,94,40,0.0,CO,1685062445
226,verdun,49.25,5.3333,284.91,88,0,3.23,FR,1685062445
227,vrangel,42.7297,133.0839,284.95,92,100,0.96,RU,1685062445
228,gat,31.61,34.7642,292.26,68,52,1.02,IL,1685062445
229,the valley,18.217,-63.0578,301.07,80,78,6.85,AI,1685062445
230,leh,34.1667,77.5833,277.52,67,100,2.99,IN,1685062445
231,maymyo,22.0333,96.4667,295.3,77,2,1.11,MM,1685062446
232,fernley,39.608,-119.2518,296.34,30,73,3.58,US,1685062224
233,mahebourg,-20.4081,57.7,297.07,78,100,8.14,MU,1685062446
234,oia,40.5426,-8.5386,289.95,90,0,0.89,PT,1685062446
235,villamartin,36.8598,-5.6449,292.23,83,0,2.81,ES,1685062446
236,tasiilaq,65.6145,-37.6368,275.24,79,100,2.64,GL,1685062446
237,kiunga,-6.1219,141.2906,296.71,95,100,1.0,PG,1685062446
238,broken hill,-31.95,141.4333,284.77,50,0,7.43,AU,1685062447
239,bonfim,3.0833,-59.95,299.05,84,96,1.61,BR,1685062452
240,bjerkvik,68.5597,17.5189,275.74,95,100,3.13,NO,1685062452
241,niksar,40.5917,36.9517,286.74,89,100,0.74,TR,1685062452
242,valdez,1.2492,-78.9831,299.59,86,51,4.68,EC,1685062453
243,staicele,57.8364,24.75,278.73,67,76,1.61,LV,1685062453
244,longyearbyen,78.2186,15.6401,273.06,86,100,9.26,SJ,1685062205
245,codrington,-38.2667,141.9667,285.8,71,100,6.68,AU,1685062453
246,boende,-0.2167,20.8667,295.67,90,100,1.25,CD,1685062453
247,evensk,61.95,159.2333,278.16,82,100,2.92,RU,1685062453
248,san patricio,28.017,-97.5169,302.89,73,9,5.0,US,1685062453
249,srednekolymsk,67.45,153.6833,285.66,49,92,6.3,RU,1685062454
250,srivardhan,18.0333,73.0167,301.36,79,0,2.03,IN,1685062454
251,iglas,27.7167,77.9333,299.32,61,100,2.14,IN,1685062454
252,petropavlovsk-kamchatskiy,53.0452,158.6483,286.48,51,75,4.0,RU,1685062454
253,mbandaka,0.0487,18.2603,294.18,98,100,0.79,CD,1685062454
254,miramar,25.9873,-80.2323,299.27,87,0,3.09,US,1685062454
255,isabela,6.7085,121.9711,303.18,80,100,3.32,PH,1685062454
256,pingyi,35.5006,117.6308,297.28,51,70,3.13,CN,1685062455
257,atlantic city,39.3643,-74.4229,287.58,69,0,2.57,US,1685062252
258,maragogi,-9.0122,-35.2225,298.12,87,23,4.15,BR,1685062455
259,ilulissat,69.2167,-51.1,276.16,52,0,4.12,GL,1685062455
260,ardesen,41.1911,40.9875,290.27,84,70,2.42,TR,1685062455
261,sibolga,1.7427,98.7792,299.99,80,92,0.57,ID,1685062455
262,egvekinot,66.3167,-179.1667,273.68,76,100,2.45,RU,1685062455
263,naduvattam,11.4833,76.5667,286.87,91,36,1.42,IN,1685062456
264,namatanai,-3.6667,152.4333,302.18,72,87,1.7,PG,1685062456
265,pokhara,28.2333,83.9833,293.86,68,64,0.41,NP,1685062456
266,trelew,-43.249,-65.3051,286.94,43,100,7.98,AR,1685062456
267,shimoda,34.6667,138.95,295.43,61,100,2.73,JP,1685062456
268,minot,48.2325,-101.2963,302.27,37,0,6.69,US,1685062456
269,newport,51.5877,-2.9984,287.84,77,73,3.28,GB,1685062166
270,hami,42.8,93.45,295.02,22,100,1.81,CN,1685062456
271,saint-pierre,-21.3393,55.4781,295.97,78,100,9.77,RE,1685062456
272,grindavik,63.8424,-22.4338,279.41,81,75,3.6,IS,1685062457
273,hambantota,6.1241,81.1185,299.34,100,20,3.09,LK,1685062457
274,gayeri,12.6497,0.4931,305.58,44,79,6.01,BF,1685062457
275,champerico,14.3,-91.9167,299.45,74,37,3.76,GT,1685062457
276,pocosol,10.3667,-84.6167,299.97,81,67,1.02,CR,1685062457
277,high level,58.5169,-117.136,292.21,42,75,1.54,CA,1685062457
278,yangjiang,21.85,111.9667,301.86,76,13,3.78,CN,1685062294
279,torbay,47.6666,-52.7314,277.19,95,100,4.63,CA,1685062458
280,minas,-34.3759,-55.2377,292.98,73,99,5.91,UY,1685062458
281,kavieng,-2.5744,150.7967,301.57,73,18,2.04,PG,1685062458
282,zvishavane,-20.3267,30.0665,287.96,52,15,1.77,ZW,1685062458
283,cherskiy,68.75,161.3,287.8,39,41,3.98,RU,1685062458
284,veraval,20.9,70.3667,301.5,78,8,7.68,IN,1685062458
285,te anau,-45.4167,167.7167,285.29,93,100,3.63,NZ,1685062223
286,havelock,34.8791,-76.9013,291.15,81,100,7.2,US,1685062459
287,santo anastacio,-21.8383,-51.6103,296.35,66,0,3.97,BR,1685062459
288,aksay,47.26,39.87,292.18,84,100,0.45,RU,1685062459
289,hirara,24.8,125.2833,300.07,78,40,5.14,JP,1685062459
290,elk city,35.412,-99.4043,296.14,68,0,3.09,US,1685062459
291,parichha,25.5167,78.75,300.13,48,100,6.25,IN,1685062460
292,beloha,-25.1667,45.05,290.46,80,0,4.13,MG,1685062460
293,karratha,-20.7377,116.8463,295.42,33,6,11.38,AU,1685062460
294,macusani,-14.0833,-70.4333,275.2,92,97,0.85,PE,1685062460
295,sebinkarahisar,40.2883,38.4236,282.95,79,100,1.76,TR,1685062460
296,chokurdakh,70.6333,147.9167,274.29,93,100,2.81,RU,1685062460
297,chuy,-33.6971,-53.4616,292.0,80,79,3.11,UY,1685062460
298,nicoya,10.1483,-85.452,299.17,86,95,0.46,CR,1685062460
299,eureka,40.8021,-124.1637,285.89,83,21,0.89,US,1685062205
300,pudozh,61.8099,36.5345,283.85,87,100,2.77,RU,1685062461
301,kavaratti,10.5669,72.642,302.9,68,3,4.14,IN,1685062461
302,samarai,-10.6167,150.6667,300.41,77,98,4.17,PG,1685062461
303,vila velha,-20.3297,-40.2925,294.23,96,75,1.03,BR,1685062461
304,faanui,-16.4833,-151.75,300.84,75,19,4.86,PF,1685062461
305,teguldet,57.3064,88.1667,280.73,50,8,3.14,RU,1685062461
306,pangnirtung,66.1451,-65.7125,270.81,80,99,2.87,CA,1685062461
307,atar,20.5169,-13.0499,297.44,62,100,5.29,MR,1685062462
308,atikokan,48.7555,-91.6216,290.55,51,100,2.64,CA,1685062462
309,bengkulu,-3.8004,102.2655,299.93,78,37,1.52,ID,1685062462
310,port moresby,-9.4431,147.1797,299.83,83,75,4.12,PG,1685062267
311,sfantu gheorghe,45.8667,25.7833,286.08,93,91,0.28,RO,1685062462
312,biak,-0.9131,122.8766,300.18,73,99,2.29,ID,1685062462
313,prince rupert,54.3161,-130.3201,291.2,65,0,3.09,CA,1685062239
314,yeppoon,-23.1333,150.7333,297.03,54,0,1.26,AU,1685062463
315,guerrero negro,27.9769,-114.0611,290.6,68,44,9.03,MX,1685062463
316,santa adelia,-21.2428,-48.8042,290.81,61,0,2.71,BR,1685062463
317,demba,-5.51,22.2667,294.73,76,14,1.15,CD,1685062463
318,ballina,-28.8667,153.5667,294.7,47,100,4.06,AU,1685062463
319,huarmey,-10.0681,-78.1522,295.45,79,93,4.56,PE,1685062463
320,mayo,38.8876,-76.5119,292.38,59,0,1.54,US,1685062463
321,taoudenni,22.6783,-3.9836,303.93,20,100,4.86,ML,1685062464
322,clinton,42.587,-82.9199,289.33,56,0,2.57,US,1685062464
323,san jose,37.3394,-121.895,295.67,55,20,4.63,US,1685062387
324,turukhansk,65.8167,87.9833,279.81,67,100,0.76,RU,1685062464
325,henties bay,-22.116,14.2845,287.07,90,0,6.02,NA,1685062464
326,bonavista,48.6499,-53.1147,276.55,90,100,5.28,CA,1685062464
327,plymouth,41.8334,-70.8328,287.69,67,100,0.0,US,1685062220
328,ilula,-7.6766,36.0366,289.45,96,86,2.3,TZ,1685062465
329,college,64.8569,-147.8028,296.33,28,75,3.6,US,1685062465
330,victoria,22.2855,114.1577,304.93,89,38,4.47,HK,1685062212
331,touros,-5.1989,-35.4608,298.96,85,96,5.54,BR,1685062404
332,lorengau,-2.0226,147.2712,302.12,69,17,1.03,PG,1685062465
333,saint-esteve,42.7131,2.843,289.16,92,0,3.09,FR,1685062465
334,mountmellick,53.1136,-7.32,286.35,89,12,0.45,IE,1685062465
335,pareora,-44.4871,171.2132,288.81,57,100,10.28,NZ,1685062466
336,aygedzor,38.9785,46.2079,288.31,78,62,1.23,AM,1685062466
337,vierzon,47.2101,2.0625,287.9,95,0,3.86,FR,1685062466
338,thonon-les-bains,46.25,6.5,282.97,85,6,1.65,FR,1685062466
339,woodend,-43.3167,172.6667,288.39,60,100,2.24,NZ,1685062467
340,vostok,46.4856,135.8833,290.31,38,100,2.66,RU,1685062467
341,serowe,-22.3833,26.7167,289.82,47,1,2.8,BW,1685062467
342,jiuquan,39.7432,98.5174,290.69,16,100,1.75,CN,1685062467
343,aklavik,68.2191,-135.0107,274.01,86,100,4.11,CA,1685062467
344,nova petropolis,-29.3764,-51.1144,291.22,79,0,1.9,BR,1685062467
345,kailua,21.4022,-157.7394,302.14,68,40,7.2,US,1685062467
346,bathsheba,13.2167,-59.5167,300.49,89,40,3.09,BB,1685062468
347,halifax,44.6453,-63.5724,282.87,84,100,7.2,CA,1685062369
348,korla,41.7597,86.1469,293.09,24,12,4.54,CN,1685062468
349,cacahuatepec,16.8861,-99.6106,302.91,65,27,2.33,MX,1685062468
350,marawi,7.9986,124.2928,299.0,73,94,0.89,PH,1685062468
351,salto de agua,17.6167,-92.3667,302.01,54,6,3.22,MX,1685062468
352,birao,10.2849,22.7882,304.34,27,55,1.27,CF,1685062469
353,orocue,4.7912,-71.3354,297.99,90,100,2.5,CO,1685062469
354,padang,-0.9492,100.3543,299.18,81,100,0.68,ID,1685062469
355,hrob,50.6592,13.7268,283.4,87,1,4.02,CZ,1685062469
356,clyde river,70.4692,-68.5914,274.28,75,75,11.32,CA,1685062469
357,baherden,38.4362,57.4316,297.69,17,5,3.31,TM,1685062469
358,viedma,-40.8135,-62.9967,286.46,51,100,4.04,AR,1685062411
359,baykit,61.67,96.37,278.04,63,14,2.85,RU,1685062470
360,panzhihua,26.5851,101.7128,299.73,49,5,1.11,CN,1685062470
361,tambacounda,13.7539,-13.7586,305.18,45,0,2.06,SN,1685062470
362,sokolo,14.7328,-6.1219,305.86,25,35,3.94,ML,1685062470
363,jalalabad,34.4265,70.4515,296.92,50,0,0.87,AF,1685062470
364,sorong,-0.8833,131.25,300.45,83,100,6.05,ID,1685062470
365,natal,-5.795,-35.2094,298.51,94,40,2.06,BR,1685062470
366,capaci,38.1711,13.2393,292.73,88,0,4.63,IT,1685062471
367,nioro,13.35,-15.75,302.11,50,100,5.43,GM,1685062471
368,joshimath,30.5667,79.5667,287.74,71,100,0.75,IN,1685062471
369,ormara,25.2088,64.6357,301.15,91,0,7.98,PK,1685062471
370,rorvik,64.8621,11.2373,277.21,81,40,3.09,NO,1685062471
371,nanortalik,60.1432,-45.2371,273.81,99,100,2.74,GL,1685062471
372,pangody,65.85,74.4859,282.53,59,100,5.66,RU,1685062471
373,lima,-12.0432,-77.0282,295.29,76,100,5.14,PE,1685062226
374,killorglin,52.1,-9.7833,284.42,97,18,1.89,IE,1685062472
375,ferkessedougou,9.6,-5.2,296.97,82,18,0.89,CI,1685062472
376,los llanos de aridane,28.6585,-17.9182,290.01,82,75,3.09,ES,1685062472
377,gamba,-2.65,10.0,297.72,94,84,2.47,GA,1685062472
378,terrace,54.5163,-128.6035,299.1,33,75,3.09,CA,1685062472
379,shenkursk,62.1091,42.896,287.23,97,100,2.35,RU,1685062472
380,alofi,-19.0595,-169.9187,296.09,88,100,4.12,NU,1685062472
381,nouadhibou,20.931,-17.0347,292.14,88,100,8.23,MR,1685062473
382,mozirje,46.3394,14.9633,289.14,87,74,0.59,SI,1685062473
383,marienburg,54.0359,19.0266,284.2,88,0,2.97,PL,1685062473
384,tura,25.5198,90.2201,295.96,85,100,1.19,IN,1685062473
385,vitim,59.4511,112.5578,287.28,35,100,4.46,RU,1685062473
386,bandundu,-3.3167,17.3667,296.56,84,9,0.37,CD,1685062473
387,cap malheureux,-19.9842,57.6142,297.23,81,69,8.25,MU,1685062473
388,half moon bay,37.4636,-122.4286,294.63,72,100,8.75,US,1685062313
389,agnibilekrou,7.1344,-3.2047,295.74,99,99,0.58,CI,1685062474
390,hay river,60.8156,-115.7999,285.14,58,99,3.6,CA,1685062474
391,requena,39.4883,-1.1004,285.11,93,100,3.31,ES,1685062474
392,yumen,40.2833,97.2,289.66,15,100,3.21,CN,1685062474
393,carlisle,40.2015,-77.1889,291.83,60,94,2.48,US,1685062474
394,xique-xique,-10.8218,-42.7263,297.82,66,2,8.38,BR,1685062474
395,matagami,49.7502,-77.6328,287.21,33,0,2.06,CA,1685062472
396,margate,51.3813,1.3862,284.19,77,7,3.13,GB,1685062475
397,marrakesh,31.6315,-8.0083,293.19,64,40,2.57,MA,1685062338
398,nantucket,41.2835,-70.0995,286.23,67,0,2.06,US,1685062475
399,meulaboh,4.1363,96.1285,298.94,87,93,1.61,ID,1685062475
400,devils lake,48.1128,-98.8651,301.21,30,0,8.75,US,1685062260
401,baza,37.4907,-2.7726,288.38,85,98,3.23,ES,1685062442
402,nabire,-3.3667,135.4833,303.1,64,8,2.24,ID,1685062475
403,mehamn,71.0357,27.8492,278.12,81,100,2.06,NO,1685062475
404,mount isa,-20.7333,139.5,294.02,30,0,9.26,AU,1685062476
405,omsukchan,62.5333,155.8,278.84,65,100,2.7,RU,1685062476
406,skibbereen,51.55,-9.2667,288.21,92,11,2.87,IE,1685062476
407,dunedin,-45.8742,170.5036,288.08,64,100,5.77,NZ,1685062476
408,nattarasankottai,9.8667,78.5667,303.0,60,26,1.43,IN,1685062476
409,fiumicino,41.7675,12.2291,293.21,65,100,3.6,IT,1685062476
410,kampene,-3.6,26.6667,293.89,93,100,0.96,CD,1685062477
411,nouakchott,18.0858,-15.9785,301.11,64,100,7.55,MR,1685062477
412,three hills,51.7001,-113.2686,290.19,50,35,5.14,CA,1685062477
413,fort frances,48.5999,-93.4003,297.27,33,0,4.12,CA,1685062328
414,krivosheino,57.3431,83.9261,280.5,50,60,3.19,RU,1685062477
415,tarauaca,-8.1614,-70.7656,296.19,91,52,0.3,BR,1685062477
416,olafsvik,64.8945,-23.7142,279.3,81,100,5.35,IS,1685062477
417,san policarpo,12.1791,125.5072,302.19,76,40,3.95,PH,1685062477
418,pacifica,37.6138,-122.4869,292.99,82,40,8.75,US,1685062478
419,progreso,21.2833,-89.6667,301.54,75,0,3.91,MX,1685062478
420,cape canaveral,28.4058,-80.6048,298.75,80,40,6.17,US,1685062286
421,manggar,-2.8833,108.2667,302.65,68,81,5.65,ID,1685062478
422,san cristobal,7.7669,-72.225,295.25,99,98,1.38,VE,1685062478
423,vastseliina,57.7303,27.2932,280.02,74,6,2.6,EE,1685062478
424,obo,5.3998,26.4869,295.27,69,90,2.22,CF,1685062478
425,avera,33.194,-82.5271,296.18,61,100,3.45,US,1685062478
426,providencia,28.7167,-111.5833,303.26,41,100,4.09,MX,1685062479
427,tooele,40.5308,-112.2983,291.23,55,40,4.12,US,1685062479
428,vanimo,-2.6741,141.3028,302.6,70,48,1.68,PG,1685062479
429,saint-francois,46.4154,3.9054,282.84,93,0,1.54,FR,1685062479
430,vardo,70.3705,31.1107,278.14,60,100,5.14,NO,1685062479
431,bubaque,11.2833,-15.8333,298.8,84,100,9.41,GW,1685062479
432,asau,46.4333,26.4,285.66,88,100,2.1,RO,1685062480
433,luanda,-8.8368,13.2343,297.15,88,20,2.06,AO,1685062235
434,azul,-36.777,-59.8585,292.2,100,100,6.17,AR,1685062480
435,mokrous,51.2333,47.5167,295.0,30,100,6.88,RU,1685062480
436,deputatskiy,69.3,139.9,270.22,88,100,2.04,RU,1685062480
437,skeldon,5.8833,-57.1333,298.25,95,60,1.86,GY,1685062480
438,kota kinabalu,5.9749,116.0724,301.14,74,20,2.06,MY,1685062480
439,kermen,42.5,26.25,286.17,89,71,0.97,BG,1685062481
440,bonthe,7.5264,-12.505,299.77,85,100,1.07,SL,1685062481
441,iqaluit,63.7506,-68.5145,275.0,80,100,5.14,CA,1685062481
442,smithers,54.7804,-127.1743,299.33,18,20,0.0,CA,1685062481
443,bac lieu,9.285,105.7244,303.13,66,22,4.82,VN,1685062481
444,chicama,-7.8447,-79.1469,295.45,75,11,3.36,PE,1685062481
445,celestun,20.8667,-90.4,299.89,73,0,4.79,MX,1685062481
446,horki,54.2861,30.9842,285.01,85,23,2.53,BY,1685062482
447,vila franca do campo,37.7167,-25.4333,289.38,87,32,2.9,PT,1685062482
448,portadown,54.4241,-6.4412,284.05,95,11,2.2,GB,1685062482
449,otane,-39.8833,176.6333,288.16,50,0,0.63,NZ,1685062223
450,arzgir,45.3728,44.2206,294.35,74,100,3.26,RU,1685062482
451,beringovskiy,63.05,179.3167,273.53,90,98,6.04,RU,1685062482
452,tuatapere,-46.1333,167.6833,285.88,90,100,4.61,NZ,1685062482
453,ayna,-12.65,-73.9167,288.34,82,90,1.3,PE,1685062483
454,namibe,-15.1961,12.1522,293.3,69,0,3.67,AO,1685062483
455,mountain home,43.133,-115.6912,297.27,39,73,6.26,US,1685062483
456,vestmanna,62.1564,-7.1664,280.66,76,75,8.75,FO,1685062483
457,aripuana,-9.1667,-60.6333,298.63,78,56,0.47,BR,1685062483
458,biscarrosse,44.3945,-1.1672,284.12,82,0,1.54,FR,1685062483
459,quesnel,52.9999,-122.5029,298.43,33,0,3.09,CA,1685062483
460,kidodi,-7.6036,37.0044,293.94,84,68,0.84,TZ,1685062484
461,porto nacional,-10.7081,-48.4172,300.15,53,94,0.53,BR,1685062484
462,phu ly,20.5411,105.9139,302.88,73,10,1.89,VN,1685062484
463,nova olinda do norte,-3.8881,-59.0942,299.59,79,100,1.08,BR,1685062484
464,kachug,53.9606,105.8817,278.36,73,81,2.81,RU,1685062484
465,kerema,-7.9631,145.7785,299.07,84,100,1.92,PG,1685062484
466,karpathos,35.507,27.2132,291.13,94,0,1.03,GR,1685062484
467,shubarkuduk,49.1447,56.4872,290.69,39,0,3.66,KZ,1685062485
468,davidson,36.1501,-86.7833,299.31,53,20,6.17,US,1685062485
469,harindanga,22.0383,88.3214,302.08,74,4,4.37,IN,1685062485
470,tingo maria,-9.2895,-76.0088,294.02,98,42,1.01,PE,1685062485
471,glendive,47.1053,-104.7125,297.94,64,0,3.6,US,1685062485
472,vila,42.0304,-8.1588,282.64,72,4,3.28,PT,1685062485
473,changji,44.0167,87.3167,292.59,32,0,1.0,CN,1685062485
474,takoradi,4.8845,-1.7554,299.84,85,100,2.94,GH,1685062486
475,poum,-20.2333,164.0167,295.55,56,0,2.32,NC,1685062486
476,tual,-5.6667,132.75,300.42,69,78,7.83,ID,1685062486
477,panuco,22.05,-98.1667,301.08,64,4,5.69,MX,1685062486
478,kieta,-6.2167,155.6333,301.36,75,100,1.02,PG,1685062486
479,roros,62.5747,11.3842,273.06,80,20,5.14,NO,1685062486
480,oranjemund,-28.55,16.4333,284.98,81,100,2.11,NA,1685062486
481,castlemaine,-37.0667,144.2167,282.59,66,12,5.08,AU,1685062486
482,oksfjord,70.2396,22.3479,278.25,91,100,3.74,NO,1685062487
483,camana,-16.6228,-72.7111,292.57,86,73,4.07,PE,1685062487
484,shipunovo,52.1582,82.2173,282.46,48,0,5.73,RU,1685062487
485,alugan,12.2188,125.4808,302.11,76,31,3.86,PH,1685062487
486,lyuban,52.7985,28.0048,285.92,83,18,2.46,BY,1685062487
487,dongying,37.4564,118.4856,297.65,44,100,2.82,CN,1685062487
488,buenos aires,-34.6132,-58.3772,292.56,97,100,4.05,AR,1685062230
489,richards bay,-28.783,32.0377,295.23,64,76,6.88,ZA,1685062487
490,saint-denis,48.9167,2.3333,288.19,75,0,6.17,FR,1685062488
491,inirida,3.8653,-67.9239,295.9,99,100,1.09,CO,1685062488
492,zabol,32.25,67.25,290.29,23,0,3.13,AF,1685062488
493,bobo dioulasso,11.1771,-4.2979,300.4,78,0,2.06,BF,1685062488
494,passo de camaragibe,-9.2368,-35.4901,297.9,95,25,1.17,BR,1685062488
495,spirit river,55.7833,-118.8361,291.39,67,100,2.0,CA,1685062488
496,jadu,31.953,12.0261,287.38,87,42,3.07,LY,1685062488
497,talgar,43.3027,77.2395,283.24,58,0,2.0,KZ,1685062488
498,cairns,-16.9167,145.7667,299.88,72,40,4.63,AU,1685062440
499,kalemie,-5.9475,29.1947,294.84,84,39,0.81,CD,1685062489
500,ukiah,39.1502,-123.2078,299.09,49,0,4.12,US,1685062489
501,svecha,58.2785,47.5164,289.97,87,100,4.87,RU,1685062489
502,morondava,-20.2833,44.2833,292.85,73,0,2.87,MG,1685062489
503,jumla,29.2747,82.1838,284.94,79,100,1.46,NP,1685062489
504,namikupa,-10.8333,39.6,291.07,97,2,0.54,TZ,1685062490
505,glace bay,46.1969,-59.957,278.4,96,100,5.14,CA,1685062490
506,sur,22.5667,59.5289,305.55,53,100,6.05,OM,1685062490
507,dingle,10.9995,122.6711,301.8,78,100,0.31,PH,1685062490
508,vanavara,60.34,102.2797,280.77,53,69,5.01,RU,1685062490
509,botou,38.0667,116.5667,296.73,50,100,3.33,CN,1685062490
510,alice,27.7523,-98.0697,303.84,52,0,5.14,US,1685062490
511,santiago del estero,-27.7951,-64.2615,296.63,75,19,4.5,AR,1685062491
512,bambanglipuro,-7.95,110.2833,300.22,71,10,4.58,ID,1685062491
513,port hedland,-20.3167,118.5667,296.18,33,37,10.29,AU,1685062491
514,port hardy,50.6996,-127.4199,289.25,72,20,3.6,CA,1685062491
515,kedrovyy,56.1667,91.8167,278.38,51,10,1.99,RU,1685062491
516,port augusta,-32.5,137.7667,287.1,55,60,6.04,AU,1685062491
517,raga,8.4596,25.678,299.22,45,72,1.66,SS,1685062288
518,mao,39.8885,4.2658,290.46,100,40,3.09,ES,1685062492
519,newton,42.337,-71.2092,288.18,54,0,3.09,US,1685062485
520,martinsburg,39.4562,-77.9639,290.37,43,0,3.09,US,1685062204
521,kondoa,-4.9,35.7833,286.49,96,82,1.8,TZ,1685062492
522,killybegs,54.6333,-8.45,283.28,88,77,2.34,IE,1685062492
523,cururupu,-1.8283,-44.8683,297.58,92,19,1.35,BR,1685062492
524,quelimane,-17.8786,36.8883,293.12,88,0,0.0,MZ,1685062492
525,springbok,-29.6643,17.8865,277.54,94,55,0.78,ZA,1685062492
526,ginda,30.6945,78.4932,286.97,56,100,2.23,IN,1685062493
527,broome,42.2506,-75.833,287.36,47,0,4.63,US,1685062493
528,venice,27.0998,-82.4543,296.17,96,75,3.6,US,1685062351
529,belmonte,-15.8631,-38.8828,296.2,89,23,3.9,BR,1685062493
530,vancouver,49.2497,-123.1193,299.25,51,20,3.6,CA,1685061982
531,inhambane,-23.865,35.3833,293.9,76,26,4.46,MZ,1685062493
532,sri aman,1.2376,111.4621,299.18,94,20,1.03,MY,1685062494
533,port blair,11.6667,92.75,301.17,78,40,2.06,IN,1685062342
534,manado,1.487,124.8455,298.58,83,20,2.06,ID,1685062494
535,taganak,6.0833,118.3,301.23,82,100,3.41,PH,1685062494
536,jegunovce,42.0736,21.1236,284.14,86,13,1.44,MK,1685062494
537,njombe,-9.3333,34.7667,282.32,99,21,2.02,TZ,1685062494
538,angoche,-16.2325,39.9086,295.1,69,0,2.85,MZ,1685062494
539,marzuq,14.4,46.4667,298.42,60,72,1.76,YE,1685062494
540,opuwo,-18.0607,13.84,288.02,49,12,0.9,NA,1685062495
541,kimbe,-5.5502,150.1429,302.0,77,77,2.36,PG,1685062495
542,prince albert,53.2001,-105.7677,286.12,94,100,3.09,CA,1685062200
543,olinda,-8.0089,-34.8553,301.0,69,40,4.63,BR,1685062495
544,dukat,62.55,155.55,278.04,63,93,2.86,RU,1685062495
545,kahului,20.8947,-156.47,301.16,64,20,9.77,US,1685062219
546,gondanglegi,-7.7479,112.0132,299.37,73,5,5.47,ID,1685062495
547,fairbanks,64.8378,-147.7164,296.34,28,0,3.6,US,1685062233
548,alta floresta,-9.8756,-56.0861,296.73,68,63,1.64,BR,1685062496
549,westport,41.1415,-73.3579,290.9,55,13,2.68,US,1685062391
550,les cayes,18.2,-73.75,298.78,85,8,1.29,HT,1685062496
551,hastings,50.8552,0.5729,283.33,42,4,6.46,GB,1685062496
552,northam,51.0333,-4.2167,287.93,83,30,3.04,GB,1685062496
553,tiarei,-17.5333,-149.3333,303.16,72,4,3.15,PF,1685062496
554,wanning,18.8003,110.3967,302.45,77,77,3.84,CN,1685062497
555,taltal,-25.4,-70.4833,289.83,79,100,1.3,CL,1685062497
556,jackson,42.4165,-122.8345,301.15,32,0,5.66,US,1685062497
557,wasilla,61.5814,-149.4394,286.14,80,100,3.6,US,1685062497
558,kurumkan,54.3,110.3,280.58,53,78,1.6,RU,1685062497
559,klaksvik,62.2266,-6.589,281.66,85,38,9.33,FO,1685062497
560,coos bay,43.3665,-124.2179,297.77,77,0,10.8,US,1685062462
561,hampton,37.0299,-76.3452,289.27,70,100,6.69,US,1685062224
562,nova vicosa,-17.8919,-39.3719,296.01,87,13,4.5,BR,1685062498
